,Nama Wilayah,2016,2017,2018,2019,2020,2021,2022,2023
0,ACEH,410956,435454.0,464626.0,486935,522126.0,541109.0,579227,627534.0
1,Simeulue,326563,350622.0,368068.0,404739,444754.0,458896.0,493303,538693.0
2,Aceh Singkil,368968,406015.0,427804.0,450217,473983.0,487249.0,518951,568691.0
3,Aceh Selatan,304466,332177.0,351288.0,369107,405786.0,418689.0,446224,494565.0
4,Aceh Tenggara,221799,250854.0,340196.0,357015,392493.0,404725.0,430825,471301.0
5,Aceh Timur,350186,369911.0,398493.0,417715,440455.0,460422.0,491550,530934.0
6,Aceh Tengah,397859,427170.0,445250.0,468577,492227.0,505933.0,533810,584863.0
7,Aceh Barat,441909,446614.0,447089.0,471058,517264.0,533712.0,558638,616091.0
8,Aceh Besar,384545,398752.0,422051.0,447563,477938.0,489498.0,519320,564431.0
9,Pidie,393370,408150.0,435873.0,462059,493145.0,504452.0,535713,579450.0
10,Bireuen,317562,335314.0,358399.0,393198,410203.0,422685.0,451163,486667.0
11,Aceh Utara,301733,318729.0,340086.0,353856,375394.0,392412.0,420615,454361.0
12,Aceh Barat Daya,306930,329543.0,340903.0,358059,393640.0,406157.0,430297,474127.0
13,Gayo Lues,301546,323482.0,368583.0,387893,425529.0,438689.0,470221,514836.0
14,Aceh Tamiang,368691,389459.0,420841.0,437991,459387.0,479801.0,508599,555387.0
15,Nagan Raya,374236,400811.0,426827.0,446144,493121.0,508801.0,544300,594374.0
16,Aceh Jaya,331940,356060.0,373690.0,391677,428094.0,441706.0,468854,515244.0
17,Bener Meriah,363796,383289.0,413208.0,431643,457916.0,476074.0,512111,551868.0
18,Pidie Jaya,399377,429966.0,448201.0,455995,481308.0,495254.0,523239,572452.0
19,Kota Banda Aceh,541732,572295.0,607391.0,628493,674977.0,698617.0,737016,814530.0
20,Kota Sabang,492787,523705.0,552272.0,563100,599381.0,620373.0,660573,715446.0
21,Kota Langsa,323246,347056.0,371267.0,380906,407421.0,435438.0,469348,512319.0
22,Kota Lhokseumawe,319988,343558.0,367525.0,376832,401158.0,427045.0,460583,498431.0
23,Kota Subulussalam,250408,273370.0,315453.0,351093,400517.0,418643.0,444818,487777.0
24,SUMATERA UTARA,388156,411345.0,435970.0,466122,502904.0,525756.0,561004,602999.0
25,Nias,330111,346374.0,353141.0,361698,405355.0,428739.0,454570,485533.0
26,Mandailing Natal,304669,319777.0,336820.0,356058,400721.0,423017.0,450345,487436.0
27,Tapanuli Selatan,326321,340065.0,343407.0,364798,397363.0,420431.0,445612,480834.0
28,Tapanuli Tengah,353753,367687.0,369471.0,376474,406646.0,429050.0,450940,489760.0
29,Tapanuli Utara,325606,344644.0,357464.0,377948,406813.0,437428.0,466316,499881.0
30,Toba Samosir,326501,345591.0,352860.0,373020,404864.0,435332.0,465681,496950.0
31,Labuhan Batu,333144,352622.0,368357.0,389402,425035.0,457021.0,489503,524240.0
32,Asahan,292030,305868.0,315420.0,330460,351314.0,377752.0,397944,427293.0
33,Simalungun,315947,331860.0,342477.0,359540,387549.0,416714.0,441744,467926.0
34,Dairi,293666,310836.0,325176.0,341511,380275.0,408893.0,436713,463360.0
35,Karo,400261,423663.0,437702.0,460870,500921.0,531519.0,563660,606244.0
36,Deli Serdang,347030,363371.0,381173.0,390440,413202.0,428123.0,448489,479509.0
37,Langkat,348205,364517.0,382536.0,392050,412422.0,432371.0,453383,483543.0
38,Nias Selatan,238119,249225.0,261104.0,279468,312453.0,329308.0,350452,379929.0
39,Humbang Hasundutan,301663,313545.0,329189.0,336500,374768.0,397237.0,419180,451625.0
40,Pakpak Bharat,248835,256781.0,283258.0,287654,311584.0,332644.0,357844,384812.0
41,Samosir,271619,287857.0,299640.0,315825,341843.0,370082.0,396267,425875.0
42,Serdang Bedagai,336478,350892.0,361623.0,382283,416991.0,448372.0,478072,503955.0
43,Batu Bara,347533,363741.0,381651.0,408417,452393.0,477564.0,508524,556529.0
44,Padang Lawas Utara,278290,291036.0,321076.0,342885,380379.0,401435.0,430944,467457.0
45,Padang Lawas,268922,281464.0,310569.0,332350,367932.0,388404.0,418610,449217.0
46,Labuhan Batu Selatan,330874,346305.0,355517.0,368205,404819.0,426574.0,448994,486275.0
47,Labuhan Batu Utara,361017,378024.0,395696.0,422063,471678.0,497922.0,527922,573783.0
48,Nias Utara,370371,381696.0,383552.0,390564,429836.0,455118.0,474533,501443.0
49,Nias Barat,352570,361397.0,386431.0,393450,433249.0,458533.0,487469,520543.0
50,Kota Sibolga,391681,413454.0,415478.0,425236,453786.0,485527.0,516367,568188.0
51,Kota Tanjung Balai,345900,374442.0,397647.0,421671,444125.0,482602.0,515456,554065.0
52,Kota Pematang Siantar,429365,464794.0,474084.0,502726,536486.0,583588.0,631886,670183.0
53,Kota Tebing Tinggi,383650,415307.0,426469.0,460533,493227.0,536531.0,578512,623531.0
54,Kota Medan,460685,491496.0,518420.0,532055,553796.0,577126.0,607166,651901.0
55,Kota Binjai,343078,371387.0,380792.0,403798,433746.0,466554.0,499451,538638.0
56,Kota Padangsidimpuan,326579,348074.0,363468.0,382884,417455.0,453777.0,480196,523244.0
57,Kota Gunungsitoli,304727,318585.0,327303.0,339671,370967.0,408190.0,426349,459787.0
58,SUMATERA BARAT,425141,453612.0,476554.0,503652,544315.0,568703.0,610941,667925.0
59,Kepulauan Mentawai,263793,280695.0,294284.0,310033,340191.0,356403.0,386152,421113.0
60,Pesisir Selatan,366228,390955.0,409882.0,431817,467743.0,491573.0,526564,554057.0
61,Solok,376748,400887.0,408570.0,415649,451906.0,461030.0,484358,532900.0
62,Sijunjung,344153,365074.0,379046.0,400861,433147.0,455346.0,484572,529460.0
63,Tanah Datar,346267,361037.0,369833.0,379041,420049.0,441793.0,466907,515587.0
64,Padang Pariaman,374636,385736.0,402960.0,411182,455463.0,475342.0,499461,548147.0
65,Agam,315804,327004.0,341372.0,379304,424728.0,444711.0,485222,530290.0
66,Lima Puluh Kota,357824,370506.0,388689.0,403030,451295.0,475123.0,504670,553068.0
67,Pasaman,307552,320478.0,334800.0,347153,388726.0,408293.0,431915,472703.0
68,Solok Selatan,326733,347667.0,364498.0,387438,419442.0,438187.0,470090,516004.0
69,Dharmasraya,374642,398408.0,414096.0,439117,477421.0,503183.0,530693,581058.0
70,Pasaman Barat,367159,382820.0,402877.0,417742,467769.0,492467.0,544829,596225.0
71,Kota Padang,449658,482763.0,507042.0,534857,570654.0,602540.0,634581,698720.0
72,Kota Solok,385781,413297.0,414673.0,440618,450254.0,464977.0,491488,538682.0
73,Kota Sawah Lunto,318721,337682.0,354665.0,374615,399688.0,412757.0,443301,487610.0
74,Kota Padang Panjang,420981,424298.0,438075.0,450377,491142.0,516648.0,543609,599681.0
75,Kota Bukittinggi,420478,441087.0,459371.0,475755,519470.0,540457.0,570032,619896.0
76,Kota Payakumbuh,424233,441736.0,462243.0,482184,526490.0,543335.0,573234,616357.0
77,Kota Pariaman,392970,412231.0,431368.0,446514,480028.0,495386.0,522932,576455.0
78,RIAU,426001,456493.0,479944.0,500612,544057.0,565937.0,605912,658611.0
79,Kuantan Singingi,468199,497747.0,521591.0,545403,580453.0,599163.0,638678,693493.0
80,Indragiri Hulu,419737,432589.0,457871.0,474298,522110.0,549563.0,584910,626671.0
81,Indragiri Hilir,315988,368134.0,435202.0,450728,495305.0,518283.0,568879,597122.0
82,Pelalawan,473240,487648.0,515581.0,534078,585728.0,618738.0,655641,689786.0
83,Siak,391039,414501.0,431814.0,443868,473128.0,489467.0,518768,558867.0
84,Kampar,375716,398138.0,419306.0,434601,460991.0,477603.0,502670,547696.0
85,Rokan Hulu,420884,446901.0,467343.0,488401,532643.0,551351.0,585225,647599.0
86,Bengkalis,455021,496657.0,508633.0,533123,581416.0,604925.0,648933,713826.0
87,Rokan Hilir,345953,367338.0,371067.0,388701,418473.0,437398.0,465614,511610.0
88,Kepulauan Meranti,427938,445025.0,462535.0,483377,520955.0,542599.0,568639,623576.0
89,Kota Pekanbaru,435082,473788.0,499852.0,516368,589281.0,613183.0,655389,712000.0
90,Kota Dumai,369624,403244.0,418597.0,439152,484609.0,509002.0,543182,601348.0
91,JAMBI,371875,389596.0,426251.0,448509,483542.0,506355.0,545870,599688.0
92,Kerinci,285406,309941.0,333978.0,356059,385571.0,396168.0,443408,485838.0
93,Merangin,325181,347523.0,374250.0,406466,440156.0,453696.0,489880,537492.0
94,Sarolangun,386460,393344.0,403411.0,424223,459092.0,472866.0,497951,545939.0
95,Batang Hari,341320,365365.0,394438.0,420227,450233.0,462468.0,497857,540168.0
96,Muaro Jambi,255918,295983.0,353583.0,375372,409104.0,425294.0,462035,535244.0
97,Tanjung Jabung Timur,322389,338963.0,361574.0,374735,392778.0,406772.0,468201,514905.0
98,Tanjung Jabung Barat,303479,314436.0,348495.0,364012,396113.0,409631.0,453956,499318.0
99,Tebo,338160,363698.0,379390.0,404473,435523.0,448461.0,485883,528310.0
100,Bungo,292573,310428.0,366226.0,390439,422801.0,436020.0,470545,517119.0
101,Kota Jambi,397088,413722.0,466854.0,488034,529090.0,563403.0,605556,667447.0
102,Kota Sungai Penuh,317556,334856.0,351391.0,373673,401966.0,426380.0,450708,491568.0
103,SUMATERA SELATAN,351984,370060.0,397150.0,410532,439041.0,457455.0,485069,520754.0
104,Ogan Komering Ulu,365341,380254.0,415785.0,428200,457452.0,481139.0,511887,548200.0
105,Ogan Komering Ilir,295852,310341.0,333505.0,347121,375837.0,393240.0,416417,444881.0
106,Muara Enim,316729,331554.0,353012.0,367761,390342.0,405782.0,426216,467396.0
107,Lahat,369359,385525.0,419658.0,428309,457569.0,485142.0,513085,547203.0
108,Musi Rawas,377135,392740.0,427595.0,437854,467766.0,493675.0,524110,564151.0
109,Musi Banyuasin,412591,430771.0,466822.0,486476,519797.0,537774.0,566393,593258.0
110,Banyu Asin,337391,353914.0,381437.0,397496,429816.0,445089.0,477393,509264.0
111,Ogan Komering Ulu Selatan,273594,286157.0,310717.0,319333,341148.0,359859.0,379854,413228.0
112,Ogan Komering Ulu Timur,274608,285970.0,312340.0,321629,343601.0,362446.0,383463,410548.0
113,Ogan Ilir,367067,386740.0,416098.0,433616,469746.0,492537.0,523864,571657.0
114,Empat Lawang,269211,280350.0,306546.0,315699,341007.0,360378.0,384199,411191.0
115,Penukal Abab Lematang Ilir,330907,346448.0,377160.0,388208,412236.0,435379.0,458746,487341.0
116,Musi Rawas Utara,401205,417805.0,456844.0,470485,504598.0,532273.0,565070,604903.0
117,Kota Palembang,456225,480735.0,510994.0,521489,548563.0,567518.0,597136,643356.0
118,Kota Prabumulih,466459,493871.0,530748.0,541648,569769.0,592210.0,623429,649951.0
119,Kota Pagar Alam,289493,299982.0,324025.0,328745,342738.0,356287.0,370417,408917.0
120,Kota Lubuklinggau,417192,435956.0,470897.0,477756,495213.0,516763.0,541784,583867.0
121,BENGKULU,416427,450648.0,481425.0,499660,527031.0,548934.0,590754,637142.0
122,Bengkulu Selatan,323991,346595.0,364888.0,377823,394513.0,408904.0,435955,467762.0
123,Rejang Lebong,382027,408680.0,434643.0,449999,472555.0,487490.0,530029,566433.0
124,Bengkulu Utara,333311,356566.0,359264.0,369367,387881.0,398746.0,423857,459171.0
125,Kaur,289374,310047.0,317558.0,322815,338451.0,350794.0,371660,415715.0
126,Seluma,332483,355680.0,377647.0,386321,400090.0,414446.0,444931,478617.0
127,Mukomuko,365084,388823.0,411795.0,426737,448127.0,464473.0,494426,534660.0
128,Lebong,339045,362700.0,389973.0,404368,424637.0,440127.0,472738,507046.0
129,Kepahiang,323333,348238.0,361281.0,374568,396184.0,410569.0,433660,465292.0
130,Bengkulu Tengah,342162,366034.0,389821.0,406137,431688.0,447435.0,512084,549468.0
131,Kota Bengkulu,535893,584265.0,642314.0,660442,702578.0,740612.0,785905,810507.0
132,LAMPUNG,364922,384882.0,402307.0,418309,453733.0,471439.0,514039,559011.0
133,Lampung Barat,371926,382576.0,391444.0,400662,443313.0,457478.0,495283,530803.0
134,Tanggamus,332302,341443.0,351167.0,359580,397984.0,410510.0,430697,463925.0
135,Lampung Selatan,346457,360594.0,375868.0,389236,422328.0,439421.0,470857,508494.0
136,Lampung Timur,331765,342295.0,352173.0,360610,398298.0,411200.0,433965,465856.0
137,Lampung Tengah,362475,373980.0,385132.0,394338,436777.0,450232.0,474289,503645.0
138,Lampung Utara,369628,379962.0,390927.0,400248,441045.0,451876.0,475290,510098.0
139,Way Kanan,313733,323691.0,333033.0,341012,377712.0,389088.0,409522,433471.0
140,Tulangbawang,362185,373681.0,384465.0,393676,438744.0,456567.0,486739,522396.0
141,Pesawaran,330874,347215.0,360909.0,372649,403441.0,420032.0,452521,491249.0
142,Pringsewu,379279,398830.0,408174.0,422691,458627.0,475983.0,511679,555787.0
143,Mesuji,353477,360105.0,370497.0,382020,423133.0,436653.0,459977,525183.0
144,Tulang Bawang Barat,358939,370332.0,384933.0,391096,432693.0,447327.0,476712,511418.0
145,Pesisir Barat,371724,390885.0,393302.0,407290,441917.0,460090.0,496629,545538.0
146,Kota Bandar Lampung,502968,540679.0,562277.0,588177,634743.0,654576.0,698598,761790.0
147,Kota Metro,331201,346491.0,360656.0,371636,406351.0,417861.0,449415,480830.0
148,KEP. BANGKA BELITUNG,534229,587530.0,631467.0,677716,721455.0,752203.0,801437,874204.0
149,Bangka,427684,475024.0,497164.0,541925,577093.0,595429.0,639535,685810.0
150,Belitung,610072,652989.0,704855.0,766276,812321.0,830484.0,860629,896948.0
151,Bangka Barat,440850,497567.0,520642.0,549496,589894.0,599887.0,635861,681517.0
152,Bangka Tengah,586445,653308.0,680907.0,693842,721331.0,735479.0,773509,814969.0
153,Bangka Selatan,415359,462716.0,483823.0,523155,561617.0,581970.0,621629,669016.0
154,Belitung Timur,528572,563309.0,622396.0,684277,725395.0,798017.0,854534,899482.0
155,Kota Pangkal Pinang,604011,654044.0,700949.0,748487,795653.0,808839.0,858840,894224.0
156,KEPULAUAN RIAU,490157,513237.0,559291.0,594059,614727.0,642425.0,684070,742526.0
157,Karimun,338341,354526.0,360087.0,376853,411052.0,422961.0,446856,468332.0
158,Bintan,341812,354012.0,367294.0,384396,417654.0,424426.0,447933,474674.0
159,Natuna,302043,332248.0,362519.0,378573,408164.0,420503.0,449302,480103.0
160,Lingga,387244,395089.0,411387.0,429764,472384.0,484088.0,507223,540936.0
161,Kepulauan Anambas,341556,356046.0,366917.0,382449,416877.0,429475.0,452220,481718.0
162,Kota Batam,565380,591589.0,650406.0,686956,707856.0,740109.0,783730,854465.0
163,Kota Tanjung Pinang,582414,598631.0,625473.0,659170,691738.0,719776.0,764410,771584.0
164,DKI JAKARTA,510359,536546.0,593108.0,637260,680401.0,697638.0,738955,792515.0
165,Kepulauan Seribu,520073,552622.0,576713.0,629315,661852.0,670785.0,701088,743820.0
166,Kota Jakarta Selatan,594380,620712.0,680167.0,729256,782731.0,792684.0,842630,891580.0
167,Kota Jakarta Timur,433405,455584.0,502152.0,539510,581954.0,594849.0,630842,669713.0
168,Kota Jakarta Pusat,503304,524750.0,580080.0,625177,672328.0,689379.0,733176,784679.0
169,Kota Jakarta Barat,421968,443561.0,490331.0,517646,557803.0,570330.0,599514,657247.0
170,Kota Jakarta Utara,441617,463787.0,512689.0,549506,594240.0,609310.0,645431,684557.0
171,JAWA BARAT,324992,344427.0,367755.0,386198,410988.0,427402.0,452580,495229.0
172,Bogor,317430,337550.0,359787.0,373799,402877.0,418483.0,443787,482174.0
173,Sukabumi,270055,284603.0,302213.0,309676,328284.0,342094.0,357636,392705.0
174,Cianjur,304255,320390.0,340882.0,350760,371699.0,387631.0,406829,437327.0
175,Bandung,297483,310569.0,334929.0,345177,367403.0,378819.0,398884,426069.0
176,Garut,256770,267252.0,282683.0,301202,310437.0,320050.0,335134,367681.0
177,Tasikmalaya,274470,284462.0,306759.0,311848,323880.0,333909.0,347917,378958.0
178,Ciamis,319150,334038.0,357382.0,363750,378108.0,389676.0,405294,442108.0
179,Kuningan,289901,302061.0,332483.0,340775,352358.0,358069.0,371665,402767.0
180,Cirebon,333758,346240.0,370747.0,381372,393452.0,404635.0,416914,451853.0
181,Majalengka,393071,409559.0,440776.0,445184,453201.0,466813.0,483319,520713.0
182,Sumedang,295009,307394.0,334743.0,342073,353092.0,360054.0,371870,396573.0
183,Indramayu,397196,413857.0,447378.0,458240,474807.0,481754.0,499805,532545.0
184,Subang,303583,316317.0,331557.0,339607,351885.0,360691.0,372308,404320.0
185,Purwakarta,312499,325607.0,352061.0,367273,378287.0,387754.0,403663,434187.0
186,Karawang,386282,408579.0,433972.0,440347,466152.0,494201.0,521158,555889.0
187,Bekasi,416058,434112.0,463507.0,481732,518667.0,549875.0,579221,632811.0
188,Bandung Barat,294823,309304.0,329415.0,341307,362212.0,374470.0,393956,426355.0
189,Pangandaran,327399,342672.0,360960.0,367748,382264.0,394101.0,411174,447242.0
190,Kota Bogor,416779,450078.0,480749.0,513343,547399.0,571425.0,608949,661384.0
191,Kota Sukabumi,441948,470133.0,497995.0,520742,547415.0,567734.0,594118,644276.0
192,Kota Bandung,400541,420579.0,448902.0,474448,500452.0,515396.0,545675,591124.0
193,Kota Cirebon,373866,392725.0,426738.0,444574,457954.0,467248.0,485613,520579.0
194,Kota Bekasi,521813,544534.0,582723.0,617718,657953.0,692885.0,731392,795965.0
195,Kota Depok,522934,556470.0,615255.0,644860,688194.0,705084.0,744771,804984.0
196,Kota Cimahi,411665,433759.0,462969.0,484804,511375.0,522281.0,549450,590197.0
197,Kota Tasikmalaya,397215,416837.0,447008.0,457899,470150.0,480341.0,498711,537497.0
198,Kota Banjar,289369,305603.0,324958.0,334590,344363.0,357210.0,373510,408710.0
199,JAWA TENGAH,317348,333224.0,350875.0,369385,395407.0,409193.0,438833,477580.0
200,Cilacap,292525,307041.0,320106.0,337572,351735.0,363367.0,384955,419429.0
201,Banyumas,344514,357748.0,366442.0,385140,406250.0,417086.0,441520,479027.0
202,Purbalingga,301862,313343.0,324735.0,355702,375199.0,384183.0,407849,439208.0
203,Banjarnegara,252328,264387.0,278210.0,301792,318334.0,328679.0,351333,380046.0
204,Kebumen,313881,325819.0,342437.0,362847,380557.0,390599.0,416004,451678.0
205,Purworejo,313931,325871.0,335995.0,345458,364289.0,376127.0,393731,427622.0
206,Wonosobo,297422,308553.0,323490.0,340827,362683.0,373474.0,399180,425105.0
207,Magelang,271800,281237.0,296327.0,325921,342430.0,353608.0,377497,411129.0
208,Boyolali,283921,293405.0,304575.0,332996,347520.0,361922.0,383030,420339.0
209,Klaten,364240,376305.0,397447.0,405537,419510.0,436896.0,458872,488102.0
210,Sukoharjo,327217,337037.0,345363.0,377319,393776.0,410273.0,434318,476675.0
211,Wonogiri,275507,284710.0,293357.0,327364,341643.0,356728.0,376763,414901.0
212,Karanganyar,329531,340538.0,348896.0,365151,385563.0,401542.0,424677,465703.0
213,Sragen,283649,292544.0,312106.0,335334,348890.0,363349.0,389265,426482.0
214,Grobogan,333009,345379.0,366192.0,375521,395001.0,404456.0,428597,464614.0
215,Blora,279972,291114.0,308520.0,335837,353259.0,363649.0,390478,425135.0
216,Rembang,338986,354440.0,365443.0,384561,403932.0,414977.0,441482,477514.0
217,Pati,377442,393817.0,414316.0,423922,445913.0,458616.0,486855,532545.0
218,Kudus,356951,373224.0,393078.0,406470,429666.0,450992.0,482806,520830.0
219,Jepara,341754,355607.0,371296.0,386693,407056.0,419028.0,442618,479131.0
220,Demak,356919,371525.0,402211.0,411202,432533.0,445176.0,471818,511145.0
221,Semarang,307505,317935.0,341576.0,377674,404455.0,416395.0,459151,498952.0
222,Temanggung,268730,277707.0,287981.0,310176,323705.0,336034.0,354012,388369.0
223,Kendal,323078,335497.0,353127.0,369769,396691.0,407387.0,433864,465936.0
224,Batang,240541,249292.0,256549.0,286116,309202.0,318330.0,341252,378858.0
225,Pekalongan,341648,354435.0,361297.0,382832,403662.0,416779.0,441765,480934.0
226,Pemalang,319434,331584.0,351183.0,372115,389209.0,401857.0,429549,467204.0
227,Tegal,308270,319758.0,332298.0,365334,390520.0,404655.0,434638,470728.0
228,Brebes,364059,382125.0,405932.0,414642,431897.0,445853.0,472326,513339.0
229,Kota Magelang,425191,450908.0,476582.0,481282,522099.0,537783.0,575130,602794.0
230,Kota Surakarta,430293,448062.0,464063.0,473516,487445.0,511216.0,538441,600953.0
231,Kota Salatiga,345146,359944.0,380856.0,418955,454154.0,480903.0,518815,565031.0
232,Kota Semarang,382160,402297.0,427511.0,474930,522691.0,543929.0,589598,642456.0
233,Kota Pekalongan,375600,390555.0,415172.0,425026,460789.0,480415.0,513243,565998.0
234,Kota Tegal,395631,418845.0,455488.0,465047,502031.0,523413.0,565826,623617.0
235,D I YOGYAKARTA,354084,374009.0,409744.0,432026,463479.0,482855.0,521673,573022.0
236,Kulon Progo,297353,312403.0,323105.0,333781,353807.0,360202.0,381666,416870.0
237,Bantul,332057,347476.0,369480.0,381538,405613.0,418265.0,445511,488340.0
238,Gunung Kidul,264637,277261.0,288748.0,301125,319851.0,325907.0,350739,382249.0
239,Sleman,334406,351331.0,370127.0,382868,411610.0,422933.0,450763,491652.0
240,Kota Yogyakarta,401193,423815.0,467061.0,495562,533423.0,556674.0,601905,662267.0
241,JAWA TIMUR,321761,342092.0,373574.0,397687,416001.0,429133.0,460909,507286.0
242,Pacitan,239339,250942.0,268592.0,283321,296271.0,309655.0,327758,352606.0
243,Ponorogo,266312,279168.0,297467.0,313175,326205.0,341090.0,362461,395069.0
244,Trenggalek,275426,288779.0,308644.0,323787,340915.0,358831.0,381448,411527.0
245,Tulungagung,304518,314532.0,328640.0,341651,362213.0,374183.0,391888,423875.0
246,Blitar,272358,285474.0,305440.0,318534,325675.0,335573.0,355511,387733.0
247,Kediri,272374,281012.0,294098.0,305491,324215.0,335990.0,353033,385874.0
248,Malang,282933,294904.0,314550.0,329512,338156.0,348695.0,367579,399647.0
249,Lumajang,258840,267366.0,281461.0,296633,318196.0,334906.0,352776,386995.0
250,Jember,299823,310650.0,324174.0,339685,365295.0,380397.0,400961,441171.0
251,Banyuwangi,311722,319236.0,339891.0,353873,373679.0,387084.0,414879,448928.0
252,Bondowoso,331975,343124.0,363443.0,380350,408352.0,423150.0,449760,494000.0
253,Situbondo,270406,276924.0,294209.0,305280,322527.0,336040.0,356133,396587.0
254,Probolinggo,373569,384343.0,402532.0,417991,441258.0,451395.0,475713,514274.0
255,Pasuruan,306311,315145.0,331057.0,335653,355299.0,368686.0,394016,429624.0
256,Sidoarjo,394401,414479.0,437899.0,462738,486421.0,502524.0,523213,571696.0
257,Mojokerto,330940,345487.0,370610.0,394003,406043.0,417784.0,445608,486520.0
258,Jombang,337217,353456.0,374895.0,399633,410116.0,421172.0,448830,488754.0
259,Nganjuk,341653,358216.0,388186.0,408160,428882.0,446232.0,474429,513565.0
260,Madiun,294451,306769.0,327536.0,344994,364638.0,380287.0,405127,437296.0
261,Magetan,288246,297874.0,319909.0,336989,354936.0,371182.0,396696,431203.0
262,Ngawi,264706,277539.0,301158.0,325235,342556.0,358663.0,382301,413947.0
263,Bojonegoro,295250,309564.0,330544.0,347786,362383.0,380653.0,403403,435936.0
264,Tuban,294543,308822.0,328268.0,348503,371465.0,388176.0,421287,454336.0
265,Lamongan,321002,335783.0,360444.0,380220,397980.0,419309.0,446601,481969.0
266,Gresik,393447,414261.0,438704.0,466154,492628.0,505499.0,536544,588316.0
267,Bangkalan,334338,349073.0,369455.0,389170,418908.0,432046.0,458754,503207.0
268,Sampang,296268,307606.0,325825.0,346075,374908.0,391032.0,411661,454716.0
269,Pamekasan,292631,302431.0,317144.0,332775,357074.0,368259.0,392345,431127.0
270,Sumenep,301781,313330.0,340033.0,357473,382491.0,400960.0,427882,471860.0
271,Kota Kediri,400096,420712.0,453807.0,471893,493438.0,506936.0,537326,587723.0
272,Kota Blitar,356147,383021.0,425832.0,456778,465868.0,481229.0,517363,568280.0
273,Kota Malang,426527,454061.0,507114.0,543966,554791.0,570238.0,609612,674660.0
274,Kota Probolinggo,418480,437392.0,479267.0,501505,524528.0,545955.0,575195,628380.0
275,Kota Pasuruan,362224,378593.0,415171.0,434435,441531.0,461624.0,486893,529512.0
276,Kota Mojokerto,364021,391489.0,437231.0,467997,482016.0,493452.0,531804,581006.0
277,Kota Madiun,376956,404959.0,446525.0,478304,497628.0,514409.0,551620,605131.0
278,Kota Surabaya,438283,474365.0,530178.0,567474,592137.0,611466.0,652540,718370.0
279,Kota Batu,398401,424354.0,467073.0,501016,509886.0,522819.0,564010,613985.0
280,BANTEN,367949,386753.0,431069.0,462726,508091.0,530363.0,570368,618721.0
281,Pandeglang,267752,285822.0,310859.0,326517,361713.0,390754.0,416248,455297.0
282,Lebak,246389,261880.0,283901.0,298201,334509.0,358479.0,380681,419066.0
283,Tangerang,405902,423486.0,451325.0,476636,520742.0,545065.0,576122,604362.0
284,Serang,256660,269652.0,294829.0,309036,341074.0,362102.0,385864,425751.0
285,Kota Tangerang,496349,508551.0,556782.0,584318,632835.0,655061.0,695225,746468.0
286,Kota Cilegon,347949,373147.0,428867.0,459469,504571.0,540032.0,572780,632703.0
287,Kota Serang,281926,296819.0,350237.0,379641,411595.0,431210.0,460613,511575.0
288,Kota Tangerang Selatan,472968,494784.0,549150.0,593781,643083.0,665610.0,712717,782543.0
289,BALI,338967,361387.0,382598.0,400624,429834.0,452221.0,485022,529643.0
290,Jembrana,354901,374057.0,385959.0,390102,403462.0,434839.0,458214,496435.0
291,Tabanan,392479,412561.0,422345.0,425926,450571.0,488750.0,522520,562801.0
292,Badung,470732,500885.0,534069.0,547186,587737.0,613993.0,633769,688018.0
293,Gianyar,339414,358496.0,378561.0,382380,400079.0,407945.0,434163,468307.0
294,Klungkung,284789,299664.0,310764.0,312864,318139.0,342043.0,359415,384983.0
295,Bangli,305200,321674.0,327668.0,329014,346458.0,370732.0,401650,436928.0
296,Karang Asem,288436,301720.0,311321.0,315805,330441.0,354123.0,376229,404083.0
297,Buleleng,350902,372399.0,395678.0,401377,424602.0,461018.0,496390,537262.0
298,Kota Denpasar,483821,512947.0,545357.0,571246,618064.0,662499.0,712815,778203.0
299,NUSA TENGGARA BARAT,333996,345341.0,365901.0,384880,404941.0,423505.0,459826,498996.0
300,Lombok Barat,375684,390979.0,412487.0,431862,439595.0,466495.0,503509,546421.0
301,Lombok Tengah,357337,369645.0,386676.0,404633,421439.0,447200.0,480657,520852.0
302,Lombok Timur,382861,396668.0,414721.0,430727,447263.0,472304.0,503525,546404.0
303,Sumbawa,296914,300643.0,320617.0,340254,369115.0,376307.0,404396,441977.0
304,Dompu,263458,266483.0,284188.0,328740,362142.0,370120.0,404413,442451.0
305,Bima,282854,288703.0,308695.0,327602,356352.0,363228.0,395040,429327.0
306,Sumbawa Barat,435890,444465.0,459065.0,468122,489863.0,499013.0,518619,565599.0
307,Lombok Utara,387265,398702.0,416705.0,437543,451721.0,478906.0,514755,556462.0
308,Kota Mataram,414115,428754.0,457950.0,480304,499959.0,524762.0,562661,616536.0
309,Kota Bima,293048,299346.0,323187.0,352593,383161.0,399193.0,432959,471841.0
310,NUSA TENGGARA TIMUR,322947,343396.0,354898.0,373922,403005.0,415116.0,460823,507203.0
311,Sumba Barat,290944,315066.0,326334.0,331713,358252.0,364361.0,395592,422382.0
312,Sumba Timur,295684,320199.0,331295.0,343589,370487.0,375859.0,414832,443502.0
313,Kupang,309208,325677.0,336984.0,356463,379600.0,386577.0,425750,471901.0
314,Timor Tengah Selatan,276727,293617.0,302124.0,318986,338099.0,344239.0,382167,420783.0
315,Timor Tengah Utara,316487,335517.0,343965.0,363162,386990.0,394818.0,440155,485744.0
316,Belu,300914,319280.0,330944.0,349414,372087.0,379280.0,416519,459111.0
317,Alor,268450,287878.0,305853.0,311560,336402.0,364939.0,400858,438013.0
318,Lembata,309992,335693.0,353957.0,359792,388577.0,421901.0,464542,508575.0
319,Flores Timur,246851,267317.0,281757.0,279268,301611.0,329340.0,364117,405486.0
320,Sikka,266257,288332.0,298357.0,301994,324775.0,354234.0,389455,428352.0
321,Ende,315095,341219.0,358986.0,363508,392591.0,428328.0,473403,518939.0
322,Ngada,291602,315778.0,331266.0,336601,363531.0,396506.0,435916,477840.0
323,Manggarai,283439,306419.0,311833.0,316910,340633.0,371531.0,407261,443908.0
324,Rote Ndao,279079,283704.0,287867.0,305166,322619.0,341135.0,372179,410491.0
325,Manggarai Barat,282412,304277.0,313380.0,318546,340094.0,370943.0,405746,444474.0
326,Sumba Tengah,250589,271365.0,280425.0,285048,307853.0,311199.0,341513,362089.0
327,Sumba Barat Daya,313705,338742.0,350906.0,355252,383674.0,390217.0,432375,475879.0
328,Nagekeo,292032,316717.0,323316.0,328646,353481.0,386027.0,422982,472041.0
329,Manggarai Timur,276703,299530.0,313593.0,318762,344642.0,373972.0,411670,446504.0
330,Sabu Raijua,332332,354983.0,368187.0,374256,403846.0,438492.0,480844,526831.0
331,Malaka,302584,321052.0,330899.0,348919,371812.0,378824.0,419292,458399.0
332,Kota Kupang,482857,504179.0,518095.0,545219,587921.0,599880.0,648982,732921.0
333,KALIMANTAN BARAT,347880,377219.0,409287.0,438555,471200.0,483454.0,520660,563288.0
334,Sambas,345066,369202.0,407346.0,427240,438062.0,451173.0,472079,498209.0
335,Bengkayang,291430,311815.0,339891.0,357112,365755.0,372793.0,396037,416148.0
336,Landak,300123,320600.0,351942.0,374117,385314.0,395486.0,414536,451681.0
337,Pontianak,292129,318682.0,337350.0,360962,379808.0,387948.0,414334,444790.0
338,Sanggau,265067,283608.0,312909.0,328763,346983.0,363714.0,395305,416112.0
339,Ketapang,366250,391868.0,432354.0,454160,468450.0,482824.0,499724,539108.0
340,Sintang,446381,477604.0,551704.0,556885,573128.0,593844.0,620670,644010.0
341,Kapuas Hulu,369981,384275.0,430652.0,452471,465360.0,481826.0,508087,543301.0
342,Sekadau,269324,288162.0,313930.0,329835,339456.0,351726.0,370836,392195.0
343,Melawi,431660,461462.0,509138.0,534933,550535.0,570434.0,602209,640608.0
344,Kayong Utara,244046,260114.0,287078.0,302811,311643.0,321356.0,339089,365262.0
345,Kubu Raya,329511,359461.0,377302.0,401586,423430.0,431211.0,457367,492642.0
346,Kota Pontianak,427783,439648.0,483618.0,523736,567432.0,578615.0,622735,677512.0
347,Kota Singkawang,387801,410717.0,464673.0,492131,510596.0,527892.0,552823,588561.0
348,KALIMANTAN TENGAH,373484,401537.0,413529.0,438248,485635.0,506982.0,548816,596184.0
349,Kotawaringin Barat,319064,338230.0,344337.0,360942,397883.0,418388.0,476297,513949.0
350,Kotawaringin Timur,353640,381776.0,393474.0,416777,446039.0,467551.0,510290,547170.0
351,Kapuas,266943,283222.0,291820.0,305809,332999.0,345272.0,424066,485958.0
352,Barito Selatan,355341,377932.0,389405.0,408072,433787.0,450706.0,481352,512492.0
353,Barito Utara,420100,446807.0,450936.0,472552,504430.0,525236.0,563393,590832.0
354,Sukamara,418026,427101.0,442086.0,469353,522601.0,568578.0,619116,648534.0
355,Lamandau,380888,409912.0,411088.0,430656,479514.0,539744.0,588591,634710.0
356,Seruyan,387592,415798.0,428539.0,454971,504264.0,529892.0,571049,608186.0
357,Katingan,387848,412113.0,420418.0,434609,474056.0,498487.0,553082,589596.0
358,Pulang Pisau,335165,347878.0,349978.0,365674,395989.0,411258.0,454933,507058.0
359,Gunung Mas,365198,388415.0,388864.0,403045,438881.0,456984.0,479550,526341.0
360,Barito Timur,442068,467091.0,478510.0,487185,517183.0,534896.0,571786,623053.0
361,Murung Raya,402682,421903.0,442639.0,462334,492693.0,510939.0,550105,607650.0
362,Kota Palangka Raya,324082,345417.0,353853.0,379420,435008.0,456276.0,485800,530223.0
363,KALIMANTAN SELATAN,377480,402424.0,427774.0,457222,497262.0,519150.0,553073,604266.0
364,Tanah Laut,400757,425152.0,447212.0,480010,522845.0,537854.0,575061,620532.0
365,Kota Baru,369147,384977.0,401300.0,416388,466121.0,481452.0,505601,556962.0
366,Banjar,360494,381862.0,400081.0,429422,462375.0,482867.0,514991,561521.0
367,Barito Kuala,274571,291285.0,297199.0,318995,340526.0,355160.0,375707,417110.0
368,Tapin,369153,390488.0,405591.0,406367,446577.0,459160.0,484113,516532.0
369,Hulu Sungai Selatan,409235,431296.0,444455.0,461581,528622.0,494203.0,516857,547855.0
370,Hulu Sungai Tengah,322392,341024.0,354214.0,365008,417778.0,425438.0,444331,475655.0
371,Hulu Sungai Utara,385338,407608.0,420783.0,436997,488237.0,501994.0,526919,561429.0
372,Tabalong,406669,430129.0,446765.0,463980,531180.0,542800.0,573018,615912.0
373,Tanah Bumbu,408481,427852.0,451714.0,475763,513803.0,530568.0,557500,619249.0
374,Balangan,348442,368580.0,382835.0,396532,441488.0,453928.0,476190,508157.0
375,Kota Banjarmasin,417174,445428.0,477210.0,509773,543546.0,606330.0,651383,708617.0
376,Kota Banjar Baru,505380,539608.0,572195.0,614757,652030.0,653556.0,692830,753899.0
377,KALIMANTAN TIMUR,511205,548094.0,574704.0,609155,662302.0,689035.0,728208,790186.0
378,Paser,395803,433823.0,455635.0,477440,515414.0,527659.0,556371,600332.0
379,Kutai Barat,447311,485551.0,517621.0,542393,583532.0,598037.0,635478,679660.0
380,Kutai Kartanegara,424717,450581.0,485435.0,503968,548423.0,569640.0,605321,644570.0
381,Kutai Timur,470228,512345.0,543442.0,569449,610858.0,626492.0,659136,714241.0
382,Berau,465161,496385.0,502564.0,526615,568500.0,595550.0,624948,677819.0
383,Penajam Paser Utara,391083,426111.0,447539.0,466918,499807.0,513666.0,538022,583239.0
384,Mahakam Hulu,490563,534502.0,566944.0,588756,631517.0,644910.0,684644,740683.0
385,Kota Balikpapan,498721,530710.0,545971.0,572108,613622.0,657521.0,680499,743084.0
386,Kota Samarinda,566392,594645.0,616365.0,658307,719710.0,750055.0,784198,850842.0
387,Kota Bontang,513205,542985.0,549830.0,582188,636491.0,665572.0,697326,763661.0
388,KALIMANTAN UTARA,513614,552040.0,586049.0,651416,681035.0,710994.0,772914,817876.0
389,Malinau,516247,528287.0,539742.0,585654,616161.0,650444.0,692605,749933.0
390,Bulungan,383642,398397.0,413294.0,448548,472569.0,486524.0,514320,551925.0
391,Tana Tidung,354012,366856.0,376876.0,406949,425348.0,440599.0,462898,490400.0
392,Nunukan,351479,377736.0,403045.0,430630,450718.0,479712.0,519231,556342.0
393,Kota Tarakan,519774,572213.0,613593.0,654308,696585.0,711268.0,773446,819621.0
394,SULAWESI UTARA,317478,333510.0,344418.0,371283,391197.0,410805.0,427016,463432.0
395,Bolaang Mongondow,277338,287751.0,295834.0,315400,325227.0,343302.0,355639,394032.0
396,Minahasa,249736,255535.0,261388.0,275444,285596.0,299072.0,308634,338802.0
397,Kepulauan Sangihe,232736,240321.0,250475.0,263268,272971.0,283852.0,292549,313945.0
398,Kepulauan Talaud,246757,257294.0,265839.0,284681,294686.0,308395.0,319974,352120.0
399,Minahasa Selatan,283561,296600.0,303738.0,324860,336715.0,352603.0,365119,394739.0
400,Minahasa Utara,282494,294308.0,300764.0,321679,333535.0,347938.0,362428,391699.0
401,Bolaang Mongondow Utara,223588,230974.0,238645.0,254835,264227.0,275369.0,283627,316327.0
402,Siau Tagulandang Biaro,264632,276800.0,284021.0,302736,312581.0,327263.0,339250,370423.0
403,Minahasa Tenggara,285791,298736.0,305919.0,325896,332966.0,346746.0,356988,385636.0
404,Bolaang Mongondow Selatan,276229,288862.0,295875.0,316305,327648.0,345819.0,358465,397381.0
405,Bolaang Mongondow Timur,282240,293187.0,302924.0,323989,335241.0,353872.0,368578,411409.0
406,Kota Manado,334732,353018.0,364820.0,396196,424473.0,449679.0,475683,521012.0
407,Kota Bitung,337674,356120.0,368574.0,391479,416993.0,434642.0,458983,501139.0
408,Kota Tomohon,336266,354635.0,363856.0,394584,422746.0,440680.0,461424,508251.0
409,Kota Kotamobagu,274103,289077.0,298742.0,323292,343675.0,363777.0,385962,426174.0
410,SULAWESI TENGAH,375659,391763.0,413785.0,441036,474627.0,496872.0,530251,568248.0
411,Banggai Kepulauan,290742,300753.0,317475.0,338815,364025.0,373799.0,396904,432673.0
412,Banggai,344795,352840.0,373695.0,395700,417863.0,431639.0,457335,488788.0
413,Morowali,379001,381753.0,402292.0,428744,463140.0,478409.0,507523,553185.0
414,Poso,416003,429161.0,449834.0,477801,515435.0,530022.0,561276,599881.0
415,Donggala,281374,291011.0,308212.0,336404,360483.0,369784.0,395028,421493.0
416,Toli-Toli,272499,281882.0,299052.0,317448,343770.0,354427.0,378317,405556.0
417,Buol,304085,314556.0,332163.0,351135,375794.0,387444.0,410824,438363.0
418,Parigi Moutong,354554,366762.0,388440.0,414380,444258.0,458385.0,495623,531255.0
419,Tojo Una-Una,404437,417508.0,442186.0,472245,504889.0,521534.0,547910,597788.0
420,Sigi,283227,299261.0,316949.0,344631,370788.0,382579.0,409679,445106.0
421,Banggai Laut,296716,306611.0,324734.0,335604,359768.0,366005.0,384686,424660.0
422,Morowali Utara,379736,392811.0,412942.0,441554,474170.0,486511.0,519441,556204.0
423,Kota Palu,451437,473555.0,492085.0,522444,559246.0,571605.0,604280,632261.0
424,SULAWESI SELATAN,270601,283461.0,306545.0,329880,350264.0,372491.0,399755,436025.0
425,Kepulauan Selayar,296540,310978.0,348608.0,370380,396822.0,406732.0,430976,453432.0
426,Bulukumba,274318,284108.0,310753.0,330161,351180.0,369022.0,390040,406882.0
427,Bantaeng,223408,234286.0,260263.0,309357,340890.0,363342.0,394116,419677.0
428,Jeneponto,302113,315702.0,356319.0,359883,366453.0,374407.0,384299,405280.0
429,Takalar,286537,299721.0,335989.0,356973,364378.0,380564.0,399062,428941.0
430,Gowa,316428,333002.0,365503.0,385820,390917.0,408435.0,429222,456719.0
431,Sinjai,240245,250551.0,281301.0,294916,329819.0,352490.0,374226,397562.0
432,Maros,336579,348726.0,376749.0,405944,414324.0,424637.0,450275,510040.0
433,Pangkajene Dan Kepulauan,256549,268367.0,300219.0,322958,358061.0,368096.0,389613,416815.0
434,Barru,280316,289371.0,307904.0,322248,337047.0,351924.0,368150,400702.0
435,Bone,260552,272555.0,309076.0,325422,345009.0,360177.0,380513,408244.0
436,Soppeng,220192,225936.0,253457.0,297546,315455.0,341484.0,365650,398802.0
437,Wajo,258821,264376.0,297121.0,311017,350765.0,361181.0,375022,402351.0
438,Sidenreng Rappang,271301,276558.0,299332.0,312800,349452.0,360591.0,383134,421321.0
439,Pinrang,250163,256054.0,280746.0,294349,336346.0,345892.0,366808,400091.0
440,Enrekang,275971,283653.0,312674.0,331667,338731.0,352147.0,371669,408198.0
441,Luwu,271804,281195.0,305722.0,318911,347539.0,359925.0,381015,414118.0
442,Tana Toraja,251452,261573.0,299570.0,316911,336877.0,350220.0,366753,399202.0
443,Luwu Utara,288081,299339.0,329967.0,342277,354669.0,368716.0,382251,414548.0
444,Luwu Timur,277520,289214.0,315478.0,333739,350576.0,371947.0,394158,438178.0
445,Toraja Utara,393478,408827.0,309806.0,314426,328096.0,348611.0,364343,395731.0
446,Kota Makassar,347723,366430.0,386545.0,418831,442513.0,475444.0,511081,570286.0
447,Kota Parepare,281951,292685.0,308337.0,323839,363710.0,383471.0,402126,445032.0
448,Kota Palopo,261056,274319.0,292602.0,324233,362859.0,383007.0,403144,442276.0
449,SULAWESI TENGGARA,277288,285609.0,303618.0,327402,356444.0,378589.0,404137,443980.0
450,Buton,209245,211485.0,233201.0,254013,262541.0,270212.0,279627,302183.0
451,Muna,289049,296383.0,314928.0,342948,358333.0,368922.0,387114,419071.0
452,Konawe,260264,267331.0,283109.0,293801,323180.0,343781.0,363645,400581.0
453,Kolaka,320897,327329.0,349388.0,370036,406919.0,432858.0,448100,464000.0
454,Konawe Selatan,195175,200663.0,219979.0,235654,261382.0,275339.0,294510,331620.0
455,Bombana,266717,270627.0,288201.0,308396,325949.0,346726.0,368576,406706.0
456,Wakatobi,234351,239819.0,256308.0,278929,294440.0,302511.0,319981,340151.0
457,Kolaka Utara,388041,406334.0,453994.0,454127,494836.0,506903.0,511972,517092.0
458,Buton Utara,275544,280974.0,306437.0,331555,345039.0,355288.0,373792,403834.0
459,Konawe Utara,232307,244391.0,260861.0,273544,305100.0,321986.0,340061,381620.0
460,Kolaka Timur,314387,323956.0,345216.0,369870,405341.0,431179.0,458563,513085.0
461,Konawe Kepulauan,263229,271241.0,294035.0,314815,335414.0,347332.0,370692,393000.0
462,Muna Barat,287403,297787.0,315009.0,342811,357477.0,367868.0,382129,412697.0
463,Buton Tengah,215822,220897.0,231289.0,251702,264699.0,273354.0,275058,299593.0
464,Buton Selatan,205287,213869.0,214859.0,235847,248184.0,253877.0,264666,290203.0
465,Kota Kendari,291069,301894.0,327976.0,350647,384379.0,423653.0,454846,503369.0
466,Kota Baubau,291873,297991.0,311509.0,329977,344598.0,360766.0,376932,412008.0
467,GORONTALO,284232,296730.0,316296.0,333070,368990.0,389827.0,411906,442194.0
468,Boalemo,332297,348581.0,368860.0,385122,426961.0,450724.0,472906,525007.0
469,Gorontalo,368863,382722.0,409179.0,425827,475102.0,502964.0,531294,568430.0
470,Pohuwato,238364,247476.0,263617.0,275240,309174.0,327587.0,345924,370530.0
471,Bone Bolango,327354,339614.0,363982.0,380029,424275.0,449543.0,475874,505252.0
472,Gorontalo Utara,238621,251054.0,267806.0,278746,311200.0,327531.0,346557,371302.0
473,Kota Gorontalo,437129,452758.0,482585.0,520095,569538.0,598363.0,643531,697650.0
474,SULAWESI BARAT,286840,302852.0,319121.0,328144,350743.0,364251.0,405187,433131.0
475,Majene,320726,335248.0,349522.0,360362,384344.0,399350.0,433111,461255.0
476,Polewali Mandar,337138,351856.0,366355.0,376827,401057.0,416443.0,452836,482658.0
477,Mamasa,226202,239112.0,249103.0,256544,273513.0,283758.0,312206,329768.0
478,Mamuju,223150,241616.0,252429.0,259969,277078.0,287896.0,319586,340795.0
479,Mamuju Utara,312474,328100.0,330226.0,332145,354115.0,367941.0,404318,432269.0
480,Mamuju Tengah,215769,226559.0,236699.0,239592,255440.0,265413.0,290030,309227.0
481,MALUKU,414302,436865.0,456457.0,508777,555197.0,587730.0,631326,684020.0
482,Maluku Tenggara Barat,319120,339801.0,398729.0,423823,479402.0,506106.0,546300,615768.0
483,Maluku Tenggara,350661,373386.0,436927.0,464649,517821.0,549047.0,595041,669140.0
484,Maluku Tengah,405118,424632.0,431512.0,474224,503800.0,515582.0,542782,589125.0
485,Buru,396313,415403.0,420083.0,463169,492055.0,503254.0,530858,584277.0
486,Kepulauan Aru,337180,352151.0,412665.0,438848,490565.0,516604.0,562416,626086.0
487,Seram Bagian Barat,334729,350853.0,359085.0,394628,419793.0,427355.0,449297,486747.0
488,Seram Bagian Timur,319266,334645.0,341261.0,375040,398430.0,403573.0,421902,458176.0
489,Maluku Barat Daya,352004,374816.0,441211.0,468842,521899.0,535594.0,586021,658036.0
490,Buru Selatan,514124,542036.0,542747.0,596469,628659.0,644441.0,677044,743721.0
491,Kota Ambon,486931,514690.0,532719.0,571315,596042.0,621482.0,661016,716560.0
492,Kota Tual,345670,372731.0,510231.0,535425,574105.0,600172.0,640542,722498.0
493,MALUKU UTARA,376554,390998.0,412266.0,444650,462639.0,489375.0,514383,564733.0
494,Halmahera Barat,293118,302921.0,316381.0,324849,339283.0,358707.0,379108,414870.0
495,Halmahera Tengah,397379,410708.0,429805.0,454180,466973.0,491657.0,507555,552350.0
496,Kepulauan Sula,315133,320854.0,337543.0,359497,372561.0,391912.0,414512,453476.0
497,Halmahera Selatan,266155,273849.0,290627.0,310161,324767.0,343323.0,362100,400768.0
498,Halmahera Utara,208832,215837.0,228092.0,238878,248544.0,263507.0,301041,378968.0
499,Halmahera Timur,494245,509725.0,510899.0,545238,569464.0,600339.0,624983,631233.0
500,Pulau Morotai,229343,236532.0,249242.0,265761,276746.0,291879.0,301712,379931.0
501,Pulau Taliabu,331968,342401.0,360955.0,387664,401710.0,425241.0,448735,491203.0
502,Kota Ternate,489810,514396.0,537524.0,578185,595553.0,629463.0,661459,668074.0
503,Kota Tidore Kepulauan,368796,387307.0,404721.0,435277,448352.0,472651.0,484983,540752.0
504,PAPUA BARAT,474967,499778.0,516362.0,573313,610888.0,631418.0,665604,728619.0
505,Fakfak,446531,473950.0,498184.0,544783,578510.0,596406.0,628418,671021.0
506,Kaimana,342293,363581.0,386576.0,412130,438991.0,450301.0,511011,609865.0
507,Teluk Wondama,456709,488233.0,508345.0,557702,588838.0,597676.0,614573,659187.0
508,Teluk Bintuni,549169,583323.0,587770.0,644838,683667.0,693305.0,716834,787048.0
509,Manokwari,517296,547494.0,575114.0,629074,651032.0,663438.0,690028,752635.0
510,Sorong Selatan,286318,297684.0,306803.0,323369,347898.0,358864.0,422694,506944.0
511,Sorong,316088,329106.0,339187.0,357900,379951.0,388166.0,466380,559363.0
512,Raja Ampat,305019,317416.0,326050.0,347203,374488.0,388021.0,464797,557107.0
513,Tambrauw,291576,308298.0,329708.0,362884,393268.0,399421.0,485342,528817.0
514,Maybrat,300860,319571.0,335912.0,359500,383715.0,396386.0,479977,515069.0
515,Manokwari Selatan,525241,557907.0,578734.0,635595,678494.0,686235.0,702674,719773.0
516,Pegunungan Arfak,552153,586493.0,589168.0,628281,670687.0,683722.0,706497,723662.0
517,Kota Sorong,625071,657148.0,668533.0,725117,765183.0,791155.0,827339,889486.0
518,PAPUA,427176,457541.0,499463.0,540099,562992.0,591959.0,629175,686469.0
519,Merauke,310420,342842.0,345965.0,346502,366296.0,387443.0,408710,434596.0
520,Jayawijaya,367804,406219.0,409846.0,420471,461058.0,501075.0,524173,566319.0
521,Jayapura,464519,489932.0,549489.0,589521,601005.0,624845.0,651581,706549.0
522,Nabire,520951,575361.0,579470.0,579753,612872.0,665325.0,705953,771751.0
523,Kepulauan Yapen,536501,592535.0,600161.0,618487,653819.0,688204.0,716343,757676.0
524,Biak Numfor,491278,521782.0,528498.0,543971,574402.0,602931.0,627921,657182.0
525,Paniai,418520,461606.0,465658.0,479877,512058.0,556861.0,591595,654960.0
526,Puncak Jaya,526756,581537.0,589022.0,604945,639503.0,708658.0,744762,823079.0
527,Mimika,634370,684282.0,762184.0,836301,870355.0,936862.0,1002327,1056252.0
528,Boven Digoel,406678,444813.0,452723.0,458012,486179.0,520245.0,550445,585228.0
529,Mappi,273699,300400.0,301237.0,330427,351801.0,375922.0,402212,427352.0
530,Asmat,316437,349487.0,354478.0,364728,383790.0,405368.0,424978,450237.0
531,Yahukimo,320783,338613.0,379628.0,414936,428433.0,466113.0,496222,549772.0
532,Pegunungan Bintang,431818,455819.0,511229.0,560354,580393.0,632210.0,692059,766275.0
533,Tolikara,228288,252132.0,371589.0,382936,404812.0,441994.0,472692,525770.0
534,Sarmi,399291,421484.0,472720.0,518491,535586.0,554491.0,584626,633124.0
535,Keerom,504460,532499.0,597230.0,655056,677050.0,704998.0,744805,807097.0
536,Waropen,567808,627112.0,632478.0,655060,691544.0,731467.0,769979,810167.0
537,Supiori,388523,429102.0,434625.0,447524,471401.0,498615.0,526482,554954.0
538,Mamberamo Raya,591595,658412.0,666886.0,683779,727830.0,769848.0,803286,834564.0
539,Nduga *,296287,327233.0,331445.0,341566,360779.0,392990.0,420185,475682.0
540,Lanny Jaya,405347,446061.0,451802.0,464328,490508.0,537322.0,564670,625677.0
541,Mamberamo Tengah,336736,370978.0,375753.0,388619,412574.0,449409.0,475436,526584.0
542,Yalimo,286170,316059.0,320971.0,330040,347171.0,378167.0,395868,434256.0
543,Puncak,545506,602481.0,611369.0,630074,664865.0,721541.0,754778,836828.0
544,Dogiyai,427149,471762.0,477674.0,492905,512654.0,557009.0,592213,653007.0
545,Intan Jaya,542007,598436.0,606138.0,627128,662465.0,725106.0,769993,853098.0
546,Deiyai,503898,556281.0,561857.0,579263,608868.0,627742.0,647902,709749.0
547,Kota Jayapura,805746,849496.0,944479.0,992610,1021759.0,1051297.0,1099019,1147265.0
